"","condition","treatment","NNmnt","NNampt","NNnmat1"
"1","affected","sham",0.0150668872804859,0.928060287595706,0.898547982989542
"2","affected","vancomycin",0.169595991717931,1.6035176983912,1.53525632312956
"3","unaffected","sham",1,1,1
"4","unaffected","vancomycin",0.791737226415944,0.55491260468487,0.721134774794982
